id,conversation_id,created_at,date,time,timezone,user_id,username,name,place,tweet,language,mentions,urls,photos,replies_count,retweets_count,likes_count,hashtags,cashtags,link,retweet,quote_url,video,thumbnail,near,geo,source,user_rt_id,user_rt,retweet_id,reply_to,retweet_date,translate,trans_src,trans_dest
766785447792029696,766785447792029696,2016-08-19 18:54:31 CDT,2016-08-19,18:54:31,-0500,35910660,ohyonametatii,symonne‚ú®,,I punched a hole in my wall üò≥,en,[],[],[],1,0,0,[],[],https://twitter.com/OhYoNameTatii/status/766785447792029696,False,,0,,san diego,,,,,,[],,,,
766783489383469056,766783489383469056,2016-08-19 18:46:44 CDT,2016-08-19,18:46:44,-0500,255328027,lalosixburgh,Lalo Garcia ü§òüá≤üáΩ,"{'type': 'Point', 'coordinates': [32.7543, -117.206]}",Drinking a City of the Dead by @ModernTimesBeer at @moderntimesbeer ‚Äî  https://t.co/SJoJDBCGh7,en,"[{'screen_name': 'moderntimesbeer', 'name': 'modern times beer', 'id': '455517954'}, {'screen_name': 'moderntimesbeer', 'name': 'modern times beer', 'id': '455517954'}]",['http://untp.beer/s/c350383974'],[],0,0,0,[],[],https://twitter.com/lalosixburgh/status/766783489383469056,False,,0,,san diego,,,,,,[],,,,
766782902692491264,766782902692491264,2016-08-19 18:44:24 CDT,2016-08-19,18:44:24,-0500,163827252,tijonperfumelab,Tijon St. Martin,,#FragranceFactFriday! Scent of Death for a Starfish on the #GreatBarrierReef.  https://t.co/TZIRF2gA9C,en,[],['http://www.bbc.com/news/world-australia-37091400'],[],0,0,0,"['fragrancefactfriday', 'greatbarrierreef']",[],https://twitter.com/tijonperfumelab/status/766782902692491264,False,,0,,san diego,,,,,,[],,,,
766780863166222337,766780863166222337,2016-08-19 18:36:18 CDT,2016-08-19,18:36:18,-0500,276354975,hmarroquinm,Hector Marroquin M,"{'type': 'Point', 'coordinates': [32.7543, -117.206]}",Drinking a City of the Dead by @ModernTimesBeer at @moderntimesbeer ‚Äî  https://t.co/YEPGz3EzGR #photo,en,"[{'screen_name': 'moderntimesbeer', 'name': 'modern times beer', 'id': '455517954'}, {'screen_name': 'moderntimesbeer', 'name': 'modern times beer', 'id': '455517954'}]",['http://untp.beer/s/c350375373'],[],0,0,1,['photo'],[],https://twitter.com/hmarroquinm/status/766780863166222337,False,,0,,san diego,,,,,,[],,,,
766779325060378629,766779325060378629,2016-08-19 18:30:11 CDT,2016-08-19,18:30:11,-0500,56619955,djdynamiq,Dj Dynamiq,"{'type': 'Point', 'coordinates': [32.80659213, -117.12073236]}",It's Friday! The Drive at 5 is back on your radios. Kick off the weekend with  @frankievizzle &amp;‚Ä¶  https://t.co/cMPPaFq5CA,en,"[{'screen_name': 'frankievizzle', 'name': 'frankie v.', 'id': '20479020'}]",['https://www.instagram.com/p/BJTwurAjLl6/'],[],0,0,0,[],[],https://twitter.com/DjDYNAMIQ/status/766779325060378629,False,,0,,san diego,,,,,,[],,,,
766777010177748992,766394256818778113,2016-08-19 18:20:59 CDT,2016-08-19,18:20:59,-0500,490806173,lynn_sey25,LynseySalcedo,,@iheartfinchel @JeanGrey_LQ i really thought putol lang sa tfc like yung episode of binggoy's death kulang. 18mins lang yung total time.,tl,[],[],[],0,0,0,[],[],https://twitter.com/lynn_sey25/status/766777010177748992,False,,0,,san diego,,,,,,[],,,,
766775035390365696,766775035390365696,2016-08-19 18:13:09 CDT,2016-08-19,18:13:09,-0500,715276501650776064,robertgreiner71,Robertgreiner,,"BLM are terrorists! America does not need them! They just riot and destroy, demanding free stuff.Very lame people!  https://t.co/IDChIMFfcN",en,[],['https://twitter.com/jesseberney/status/766762694737289217'],[],0,0,1,[],[],https://twitter.com/Robertgreiner71/status/766775035390365696,False,0,0,,san diego,,,,,,[],,,,
766773064147218432,766773064147218432,2016-08-19 18:05:19 CDT,2016-08-19,18:05:19,-0500,461834205,bananasgoanna,Ann√ºgha üê∂,,"Y'all, I'm not sure Cali knows that MJ is dead. I've heard him on the radio more than ANYTHING out here.",en,[],[],[],0,0,0,[],[],https://twitter.com/bananasgoanna/status/766773064147218432,False,,0,,san diego,,,,,,[],,,,
766766338815569920,766766338815569920,2016-08-19 17:38:35 CDT,2016-08-19,17:38:35,-0500,211389340,aly_powell,Aly Powell,,I was so mad about the traffic on the 8 until I found out they were looking for a dead body... That guy's having a way worse day than me,en,[],[],[],0,0,1,[],[],https://twitter.com/aly_powell/status/766766338815569920,False,,0,,san diego,,,,,,[],,,,
766762596724711424,766762596724711424,2016-08-19 17:23:43 CDT,2016-08-19,17:23:43,-0500,350642446,officialmariahv,aunt riah,,It's equally as bad if a man try's to force things wtf godly man my ass,en,[],[],[],0,0,0,[],[],https://twitter.com/OfficialMariahV/status/766762596724711424,False,,0,,san diego,,,,,,[],,,,
766759455799152640,766759455799152640,2016-08-19 17:11:14 CDT,2016-08-19,17:11:14,-0500,995781512,c_isaaks,C(h)ris,,A suicide squad uncut directors/ joker cut is the only way that will restore my faith in DC movies,en,[],[],[],0,2,3,[],[],https://twitter.com/c_isaaks/status/766759455799152640,False,,0,,san diego,,,,,,[],,,,
766753909641732096,766753909641732096,2016-08-19 16:49:12 CDT,2016-08-19,16:49:12,-0500,150206178,sloowju,king of naps,,your mcm says hip hop is dead on Facebook videos,en,[],[],[],0,1,5,[],[],https://twitter.com/sloowju/status/766753909641732096,False,,0,,san diego,,,,,,[],,,,
766745558669225985,766739720743247872,2016-08-19 16:16:01 CDT,2016-08-19,16:16:01,-0500,28965356,amykate8lfc,Amy Kate,,@Through_Storm @HeelWilders I seriously have no bloody idea! @mjowen is the worst choice ever! Should be an ex player who has loyalty 2 @LFC,en,"[{'screen_name': 'mjowen', 'name': 'michael owen', 'id': '22361652'}, {'screen_name': 'lfc', 'name': 'liverpool fc', 'id': '19583545'}]",[],[],0,0,2,[],[],https://twitter.com/AmyKate8LFC/status/766745558669225985,False,,0,,san diego,,,,,,"[{'screen_name': 'Through_Storm', 'name': 'Through-The-Storm', 'id': '2380363478'}]",,,,
766737948763009025,766737948763009025,2016-08-19 15:45:46 CDT,2016-08-19,15:45:46,-0500,402325335,sandiegojay,SanDiegoJay,,@YandR_CBS how many more ppl r gonna come out of the woodwork 2 frame Adam 4 dehlias death.This type of arc needs 2 end. Chloe admits guilt.,en,[],[],[],0,0,1,[],[],https://twitter.com/SanDiegoJay/status/766737948763009025,False,,0,,san diego,,,,,,[],,,,
766734070193598464,766729554857631745,2016-08-19 15:30:22 CDT,2016-08-19,15:30:22,-0500,716455043159838722,itsoklategame,kimo,,@jhiangaquipel death stare intensifies,en,[],[],[],0,0,0,[],[],https://twitter.com/itsoklategame/status/766734070193598464,False,,0,,san diego,,,,,,"[{'screen_name': 'jhiangaquipel', 'name': 'j', 'id': '2576301405'}]",,,,
766733493741035520,766733493741035520,2016-08-19 15:28:04 CDT,2016-08-19,15:28:04,-0500,232141499,pxlsicle,apple bucky,,"Charmed me to death, these: Ryuutama -  https://t.co/q1uYDOfkdY Golden Sky Stories -  https://t.co/MSxGymNbsa",en,[],"['http://kotohi.com/ryuutama/', 'http://starlinepublishing.com/our-games/golden-sky-stories/']",[],2,0,3,[],[],https://twitter.com/pxlsicle/status/766733493741035520,False,,0,,san diego,,,,,,[],,,,
766725285110620160,766725285110620160,2016-08-19 14:55:27 CDT,2016-08-19,14:55:27,-0500,753099228432437249,rhyspawn86,Rhys: Best/Worst Option,,"Tonight I'm going to a tiki fest...basically, EDM is dead and coconut bras are back üå¥üå¥üå¥",en,[],[],[],1,0,3,[],[],https://twitter.com/Rhyspawn86/status/766725285110620160,False,,0,,san diego,,,,,,[],,,,
766723673164161024,766723673164161024,2016-08-19 14:49:03 CDT,2016-08-19,14:49:03,-0500,2147973031,avxin_,aylin,,"I'm so emotionally, mentally hurt",en,[],[],[],0,1,3,[],[],https://twitter.com/avxin_/status/766723673164161024,False,,0,,san diego,,,,,,[],,,,
766718910888415232,766718910888415232,2016-08-19 14:30:07 CDT,2016-08-19,14:30:07,-0500,594931177,giancarlobfh,Giancarlo,"{'type': 'Point', 'coordinates': [32.7431065, -117.1817438]}","A hug and a handshake to: Allen at Blonde Bar for booking us, our friends for coming out, Fatal‚Ä¶  https://t.co/KiEMac69dz",en,[],['https://www.instagram.com/p/BJTVQSmBT9G/'],[],0,0,0,[],[],https://twitter.com/GiancarloBFH/status/766718910888415232,False,,0,,san diego,,,,,,[],,,,
766718456729264128,766712083199041537,2016-08-19 14:28:19 CDT,2016-08-19,14:28:19,-0500,228834818,spookybaby6669,babygirl,,@getsuga_10shou it's so good I'm dead,en,[],[],[],0,0,0,[],[],https://twitter.com/spookybaby6669/status/766718456729264128,False,,0,,san diego,,,,,,[],,,,
766715099050409984,766715099050409984,2016-08-19 14:14:59 CDT,2016-08-19,14:14:59,-0500,1448299532,yheniaa,Vivi üñ§,,America really needs these bullet trains they have in Tokyo üëèüèº,en,[],[],[],0,0,0,[],[],https://twitter.com/yheniaa/status/766715099050409984,False,,0,,san diego,,,,,,[],,,,
766713827849142273,766713827849142273,2016-08-19 14:09:56 CDT,2016-08-19,14:09:56,-0500,94846758,dannnaaamc,dmc‚ú®,,Why would you dump a dead body on the side of the freeway?! Causing all this damn trafficüò†,en,[],[],[],0,0,0,[],[],https://twitter.com/dannnaaamc/status/766713827849142273,False,,0,,san diego,,,,,,[],,,,
766712675715854336,766678787157143552,2016-08-19 14:05:21 CDT,2016-08-19,14:05:21,-0500,741123229327228932,advancedstats23,B-L-M,,@legsanity @colezwicker Green will help if healthy but need more than that to have top 5 offense,en,[],[],[],0,0,0,[],[],https://twitter.com/advancedstats23/status/766712675715854336,False,,0,,san diego,,,,,,"[{'screen_name': 'legsanity', 'name': 'Legs', 'id': '96200808'}, {'screen_name': 'colezwicker', 'name': 'Cole Zwicker', 'id': '2573812945'}]",,,,
766708924409970689,766708924409970689,2016-08-19 13:50:26 CDT,2016-08-19,13:50:26,-0500,1330817839,gavinw97,Mike Honcho,,"One day soon, the needless rioting and violence will be met with opposing force from other citizens. It's going to be the second civil war",en,[],[],[],0,2,7,[],[],https://twitter.com/GavinW97/status/766708924409970689,False,,0,,san diego,,,,,,[],,,,
766704137320828928,766704137320828928,2016-08-19 13:31:25 CDT,2016-08-19,13:31:25,-0500,222704847,chlochellla,Chlo√©,,Just drove past a dead body on the inerstate.. looked it up &amp; found the news story damn that was real.  https://t.co/JeJNvmg5cz,en,[],['http://fox5sandiego.com/2016/08/19/body-found-along-i-8-in-mission-valley-morning-commute-at-stand-still/'],[],0,0,0,[],[],https://twitter.com/chlochellla/status/766704137320828928,False,,0,,san diego,,,,,,[],,,,
766700337386315776,766333218224087041,2016-08-19 13:16:19 CDT,2016-08-19,13:16:19,-0500,869089880,alexkulj,Alex Kuljian,,@JakeyRayVaughan @kaylaa_briannaa I bet you got a kick out of that Jay. Philly sports has a history of honor &amp; tradition.,en,[],[],[],1,0,1,[],[],https://twitter.com/alexkulj/status/766700337386315776,False,,0,,san diego,,,,,,"[{'screen_name': 'kaylaa_briannaa', 'name': 'Kayla Graves', 'id': '2338910022'}]",,,,
766700054304350208,766700054304350208,2016-08-19 13:15:12 CDT,2016-08-19,13:15:12,-0500,766031782827425797,rubioswifey1,Shella Rubio,,"@Alyssa_Milano my 6th grader is talking suicide, bullied at school and situation that her predator became a victim cause of their age!!! Sos",en,[],[],[],0,0,0,[],[],https://twitter.com/rubioswifey1/status/766700054304350208,False,,0,,san diego,,,,,,[],,,,
766699445031432192,766699445031432192,2016-08-19 13:12:46 CDT,2016-08-19,13:12:46,-0500,736061359,basedcrusader,matty,,one extra large gun please with a side of bullet,en,[],[],[],0,2,2,[],[],https://twitter.com/BASEDCRUSADER/status/766699445031432192,False,,0,,san diego,,,,,,[],,,,
766694221134770176,766694221134770176,2016-08-19 12:52:01 CDT,2016-08-19,12:52:01,-0500,260724365,merlyn43,Dave,,"Who‚Äôs sending death threats to Palestinian advocates in The Hague?  https://t.co/nTCLHmZcnp#humanrights",en,[],['http://972mag.com/whos-sending-death-threats-to-palestinian-advocates-in-the-hague/121424/'],[],0,0,0,['humanrights'],[],https://twitter.com/Merlyn43/status/766694221134770176,False,,0,,san diego,,,,,,[],,,,
766692849848954880,766692849848954880,2016-08-19 12:46:34 CDT,2016-08-19,12:46:34,-0500,113490973,carsoncodi,Carson ‡´ê,,"Some girl punched me after she basically knocked me over while walking past me, pulled my hair, ripped my dress and then broke my glasses",en,[],[],[],1,0,0,[],[],https://twitter.com/carsoncodi/status/766692849848954880,False,,0,,san diego,,,,,,[],,,,
766691669093683201,766691669093683201,2016-08-19 12:41:53 CDT,2016-08-19,12:41:53,-0500,18968179,akdinh,gela ‚ú®,,An hour late to work because there was a dead body on the freeway üò∞,en,[],[],[],0,0,0,[],[],https://twitter.com/akdinh/status/766691669093683201,False,,0,,san diego,,,,,,[],,,,
766689015131013120,766689015131013120,2016-08-19 12:31:20 CDT,2016-08-19,12:31:20,-0500,14608001,kingkelty,King Kelty,,"If they don't think you're great, be greater and grateful. Then make them regret doubting how much ass you kick. #MajorKey",en,[],[],[],0,0,0,['majorkey'],[],https://twitter.com/KingKelty/status/766689015131013120,False,,0,,san diego,,,,,,[],,,,
766686310090219520,766686310090219520,2016-08-19 12:20:35 CDT,2016-08-19,12:20:35,-0500,96191665,passionatevegan,Ellen  Ericksen,,@BreedersCup #delmarkillshorses 17 dead horses in 23 racing days,en,[],[],[],0,0,0,['delmarkillshorses'],[],https://twitter.com/passionatevegan/status/766686310090219520,False,,0,,san diego,,,,,,[],,,,
766685872309678080,766114957138145281,2016-08-19 12:18:50 CDT,2016-08-19,12:18:50,-0500,133607631,beretweet,berenice weber,,@CW6SanDiego Please Don't support @DelMarRacing 17 dead horses in 23 racing days #DelMarKills #CaliforniaChrome  https://t.co/G1lzPjfBXo,en,"[{'screen_name': 'delmarracing', 'name': 'del mar racetrack', 'id': '22168739'}]",[],['https://pbs.twimg.com/media/CqPQshhUEAEqAKP.jpg'],0,0,0,"['delmarkills', 'californiachrome']",[],https://twitter.com/beretweet/status/766685872309678080,False,,1,https://pbs.twimg.com/media/CqPQshhUEAEqAKP.jpg,san diego,,,,,,"[{'screen_name': 'cw6sandiego', 'name': 'Josh Pelter', 'id': '872195846204293120'}]",,,,
766685465843859458,766273107208404992,2016-08-19 12:17:14 CDT,2016-08-19,12:17:14,-0500,133607631,beretweet,berenice weber,,@spendthriftfarm Poor Lord Nelson :( @DelMarRacing Kills Horses Horse Racing Kills 17 dead horses in 23 racing days  https://t.co/RZzubZsXE4,en,"[{'screen_name': 'delmarracing', 'name': 'del mar racetrack', 'id': '22168739'}]",[],['https://pbs.twimg.com/media/CqPQLXTUEAARQ6G.jpg'],0,0,0,[],[],https://twitter.com/beretweet/status/766685465843859458,False,,1,https://pbs.twimg.com/media/CqPQLXTUEAARQ6G.jpg,san diego,,,,,,"[{'screen_name': 'spendthriftfarm', 'name': 'Spendthrift Farm', 'id': '36146668'}]",,,,
766685076385964032,766314767329800192,2016-08-19 12:15:41 CDT,2016-08-19,12:15:41,-0500,133607631,beretweet,berenice weber,,@2daysracedigest @DelMarRacing 17 dead horses in 23 racing days #DelMarKills Horse Racing is Animal Abuse &amp; Cruelty  https://t.co/qsVc5A5LLs,en,[],[],"['https://pbs.twimg.com/media/CqPPwfUUsAAKTkl.jpg', 'https://pbs.twimg.com/media/CqPP75XUMAAHU-0.jpg', 'https://pbs.twimg.com/media/CqPP83qUAAQbzH1.jpg']",0,0,0,['delmarkills'],[],https://twitter.com/beretweet/status/766685076385964032,False,,1,https://pbs.twimg.com/media/CqPPwfUUsAAKTkl.jpg,san diego,,,,,,"[{'screen_name': '2daysracedigest', 'name': 'Todays Racing Digest', 'id': '30110644'}]",,,,
766684925089021952,766684925089021952,2016-08-19 12:15:05 CDT,2016-08-19,12:15:05,-0500,186478200,star_pal,STAR/PAL,,Getting ready to kick off the annual STAR/PAL Surf Clinic!!  https://t.co/kwFyAhYFqI,en,[],[],['https://pbs.twimg.com/media/CqPP3qYUIAA7Hrb.jpg'],0,1,2,[],[],https://twitter.com/STAR_PAL/status/766684925089021952,False,,1,https://pbs.twimg.com/media/CqPP3qYUIAA7Hrb.jpg,san diego,,,,,,[],,,,
766684471835844608,766358979677040640,2016-08-19 12:13:17 CDT,2016-08-19,12:13:17,-0500,133607631,beretweet,berenice weber,,@2daysracedigest @ScatoniSureShot @DelMarRacing Horse Racing Kills 17 dead horses/23 racing days #DelMarKillsHorses  https://t.co/4yhcHvWlpX,en,[],[],['https://pbs.twimg.com/media/CqPPYtzVMAAI2bm.jpg'],0,0,0,['delmarkillshorses'],[],https://twitter.com/beretweet/status/766684471835844608,False,,1,https://pbs.twimg.com/media/CqPPYtzVMAAI2bm.jpg,san diego,,,,,,"[{'screen_name': '2daysracedigest', 'name': 'Todays Racing Digest', 'id': '30110644'}, {'screen_name': 'ScatoniSureShot', 'name': 'Point Given', 'id': '46527134'}]",,,,
766684453146013696,766684453146013696,2016-08-19 12:13:12 CDT,2016-08-19,12:13:12,-0500,16627727,techglance,techglance.net,"{'type': 'Point', 'coordinates': [32.54377799, -117.04064445]}",Tech companies assemble the Robocall! Strike! Force! to take on scammers  https://t.co/X0S0ma0vIs,en,[],['http://tcrn.ch/2b9H0dZ'],[],0,0,0,[],[],https://twitter.com/techglance/status/766684453146013696,False,,0,,san diego,,,,,,[],,,,
766684228746514432,766623227422519296,2016-08-19 12:12:19 CDT,2016-08-19,12:12:19,-0500,133607631,beretweet,berenice weber,,@BeemieAwards @ItsMeGinoB @DelMarRacing #PacificClassic Horse Racing Kills 17 dead horses/23 race days #DelMarKills  https://t.co/pUtXR7xxQB,en,[],[],['https://pbs.twimg.com/media/CqPPNbgUsAAIchs.jpg'],0,0,0,"['pacificclassic', 'delmarkills']",[],https://twitter.com/beretweet/status/766684228746514432,False,,1,https://pbs.twimg.com/media/CqPPNbgUsAAIchs.jpg,san diego,,,,,,"[{'screen_name': 'BeemieAwards', 'name': 'Jason Beem', 'id': '3541263614'}, {'screen_name': 'ItsMeGinoB', 'name': 'Gino Buccola', 'id': '467191652'}]",,,,
766683948739026944,766682530204397568,2016-08-19 12:11:12 CDT,2016-08-19,12:11:12,-0500,133607631,beretweet,berenice weber,,@ABRLive @DelMarRacing @WoodbineRacing @ParlayQueen Horse Racing Kills 17 dead horses / 23 racing days #DelMarKills  https://t.co/xWrzrROgvT,en,[],[],['https://pbs.twimg.com/media/CqPO-3RUAAAGLaO.jpg'],0,0,0,['delmarkills'],[],https://twitter.com/beretweet/status/766683948739026944,False,,1,https://pbs.twimg.com/media/CqPO-3RUAAAGLaO.jpg,san diego,,,,,,"[{'screen_name': 'ABRLive', 'name': ""America'sBestRacing"", 'id': '22329680'}, {'screen_name': 'DelMarRacing', 'name': 'Del Mar Racetrack', 'id': '22168739'}, {'screen_name': 'WoodbineRacing', 'name': 'WoodbineRacing', 'id': '1033037121051750400'}, {'screen_name': 'ParlayQueen', 'name': 'Monique', 'id': '99360210'}]",,,,
766683591883444229,766682530204397568,2016-08-19 12:09:47 CDT,2016-08-19,12:09:47,-0500,133607631,beretweet,berenice weber,,@ABRLive @DelMarRacing @WoodbineRacing @ParlayQueen Horse Racing Kills 17 dead horses in 23 racing days #DelMar stop  https://t.co/vnJTznzaNG,en,[],[],['https://pbs.twimg.com/media/CqPOn9ZUEAAjWbo.jpg'],0,0,0,['delmar'],[],https://twitter.com/beretweet/status/766683591883444229,False,,1,https://pbs.twimg.com/media/CqPOn9ZUEAAjWbo.jpg,san diego,,,,,,"[{'screen_name': 'ABRLive', 'name': ""America'sBestRacing"", 'id': '22329680'}, {'screen_name': 'DelMarRacing', 'name': 'Del Mar Racetrack', 'id': '22168739'}, {'screen_name': 'WoodbineRacing', 'name': 'WoodbineRacing', 'id': '1033037121051750400'}, {'screen_name': 'ParlayQueen', 'name': 'Monique', 'id': '99360210'}]",,,,
766682848803762177,766402797285715968,2016-08-19 12:06:50 CDT,2016-08-19,12:06:50,-0500,133607631,beretweet,berenice weber,,@BreedersCup @DelMarRacing #PacificClassic #Dortmund Horse Racing Kills 17 dead horses / 23 racing days #DelMarKills  https://t.co/wrXRRchbxU,en,[],[],['https://pbs.twimg.com/media/CqPNrXyUsAIomEJ.jpg'],0,0,0,"['pacificclassic', 'dortmund', 'delmarkills']",[],https://twitter.com/beretweet/status/766682848803762177,False,,1,https://pbs.twimg.com/media/CqPNrXyUsAIomEJ.jpg,san diego,,,,,,"[{'screen_name': 'BreedersCup', 'name': ""Breeders' Cup"", 'id': '29723393'}, {'screen_name': 'DelMarRacing', 'name': 'Del Mar Racetrack', 'id': '22168739'}]",,,,
766679740807647232,766679740807647232,2016-08-19 11:54:29 CDT,2016-08-19,11:54:29,-0500,389724696,kadakole,kayla,,I want to see suicide squad again üòÅüòÅ,en,[],[],[],0,1,2,[],[],https://twitter.com/kadakole/status/766679740807647232,False,,0,,san diego,,,,,,[],,,,
766679301672439809,766679301672439809,2016-08-19 11:52:44 CDT,2016-08-19,11:52:44,-0500,62943338,xkassandraaa,kass,,i just wanna party i don't wanna hurt nobody just wanna party ):,en,[],[],[],0,0,17,[],[],https://twitter.com/xkassandraaa/status/766679301672439809,False,,0,,san diego,,,,,,[],,,,
766676208062910464,766676208062910464,2016-08-19 11:40:26 CDT,2016-08-19,11:40:26,-0500,297355380,flshark,Karen Sharkey,,#COLT16  Ahhhmaaazzzing! More researchers and grantees than ever to kick some serious pancreass...  https://t.co/lFEQSGSDPY,en,[],[],['https://pbs.twimg.com/media/CqPH8WVVYAAuuMp.jpg'],0,0,3,['colt16'],[],https://twitter.com/flshark/status/766676208062910464,False,,1,https://pbs.twimg.com/media/CqPH8WVVYAAuuMp.jpg,san diego,,,,,,[],,,,
766675478245539840,766675219637501952,2016-08-19 11:37:32 CDT,2016-08-19,11:37:32,-0500,121943536,mariozee619,Mario Zee,,@WWEAsuka kick baileys ass you got this,en,[],[],[],0,0,1,[],[],https://twitter.com/mariozee619/status/766675478245539840,False,,0,,san diego,,,,,,"[{'screen_name': 'WWEAsuka', 'name': 'ASUKA / ÊòéÊó•ËèØ', 'id': '98584746'}]",,,,
766675062296449024,766675062296449024,2016-08-19 11:35:53 CDT,2016-08-19,11:35:53,-0500,1107376722,toddlinebaugh,@TimeMachineDrip,,she said she said she said why don't you just drop dead,en,[],[],[],0,0,0,[],[],https://twitter.com/ToddLinebaugh/status/766675062296449024,False,,0,,san diego,,,,,,[],,,,
766672935775985664,766669595298062337,2016-08-19 11:27:26 CDT,2016-08-19,11:27:26,-0500,3945191234,jasminelynnn,jas.,,@staykatsy they found a dead man's body on the side of the road üò≠,en,[],[],[],0,0,0,[],[],https://twitter.com/Jasminelynnn/status/766672935775985664,False,,0,,san diego,,,,,,"[{'screen_name': 'staykatsy', 'name': 'Kat', 'id': '31646144'}]",,,,
766672665876717568,766672665876717568,2016-08-19 11:26:22 CDT,2016-08-19,11:26:22,-0500,133607631,beretweet,berenice weber,,@DelMarRacing 17 dead 3horses in 23 race days @caCHRB #DelMarKills #DelMar #CaliforniaChrome #Beholder @racingwrongs  https://t.co/ipqtjPr7b8,en,"[{'screen_name': 'cachrb', 'name': 'cahorse racing board', 'id': '127907854'}, {'screen_name': 'racingwrongs', 'name': 'horseracing wrongs', 'id': '1624379785'}]",[],['https://pbs.twimg.com/media/CqPESyRVUAAJ2s7.jpg'],0,0,0,"['delmarkills', 'delmar', 'californiachrome', 'beholder']",[],https://twitter.com/beretweet/status/766672665876717568,False,,1,https://pbs.twimg.com/media/CqPESyRVUAAJ2s7.jpg,san diego,,,,,,[],,,,
766670696709697540,766670696709697540,2016-08-19 11:18:32 CDT,2016-08-19,11:18:32,-0500,226009693,mjleivas,Michele Leivas,,Bullet Journaling has taken over my life. #bujo #bulletjournal #amwriting,en,[],[],[],0,0,2,"['bujo', 'bulletjournal', 'amwriting']",[],https://twitter.com/MJLeivas/status/766670696709697540,False,,0,,san diego,,,,,,[],,,,
766667638864883712,766667638864883712,2016-08-19 11:06:23 CDT,2016-08-19,11:06:23,-0500,979477921,sozeverbal,Colin,,So it took me almost an hour to get to work. (Norm 20/25 min.)There was a dead body found on the 8 just before the 805 #friday #wtf,en,[],[],[],0,0,2,"['friday', 'wtf']",[],https://twitter.com/sozeverbal/status/766667638864883712,False,,0,,san diego,,,,,,[],,,,
766663160426225665,766663160426225665,2016-08-19 10:48:36 CDT,2016-08-19,10:48:36,-0500,60115647,sandiegocp,San Diego Now,"{'type': 'Point', 'coordinates': [32.7143122, -117.16627197]}",CHP closing Camino del Rio N from Ward Road (I-15) to Mission City Parkway due to death investigation.  https://t.co/XtcxmWxxuZ,en,[],['http://on.nbc7.com/aVxNjXP'],[],0,0,0,[],[],https://twitter.com/SanDiegoCP/status/766663160426225665,False,,0,,san diego,,,,,,[],,,,
766659802688688128,766659802688688128,2016-08-19 10:35:15 CDT,2016-08-19,10:35:15,-0500,42333137,nazzobetweeting,Naz,,but racism is dead! the republicans told me so!  https://t.co/wV8POqURbk,en,[],['https://twitter.com/shaunking/status/766649934552637440'],[],0,0,2,[],[],https://twitter.com/nazzobetweeting/status/766659802688688128,False,0,0,,san diego,,,,,,[],,,,
766658753772924928,766658753772924928,2016-08-19 10:31:05 CDT,2016-08-19,10:31:05,-0500,2492309618,victoriaavt,ü§çvicüñ§,,"Was 30 minutes late to work today because of a death on the freeway, and when I passed I saw the dead body on the floor üò™üôèüèΩ",en,[],[],[],0,0,1,[],[],https://twitter.com/victoriaavt/status/766658753772924928,False,,0,,san diego,,,,,,[],,,,
766658546234556416,766658546234556416,2016-08-19 10:30:15 CDT,2016-08-19,10:30:15,-0500,517516074,ashleyjacobstv,Ashley Jacobs,,If you're heading west today take SR 52 or SR 94 due to long term lane closure on I-8 #SigAlert @CBS8 #traffic #SD #CHP investigates death,en,"[{'screen_name': 'cbs8', 'name': 'cbs 8 san diego', 'id': '27745484'}]",[],[],0,2,2,"['sigalert', 'traffic', 'sd', 'chp']",[],https://twitter.com/AshleyJacobsTV/status/766658546234556416,False,,0,,san diego,,,,,,[],,,,
766652826156015617,766652826156015617,2016-08-19 10:07:32 CDT,2016-08-19,10:07:32,-0500,4890505152,elishabenson4,üíúüå∑ Alisha üíúüå∑,,@CassieSuper DID THE RIGHT THING... when these guys get OVERLY AGGRESSIVE... we have to protect ourselves.. #gladShesOk,en,[],[],[],0,0,0,['gladshesok'],[],https://twitter.com/ElishaBenson4/status/766652826156015617,False,,0,,san diego,,,,,,[],,,,
766647061466931202,766647061466931202,2016-08-19 09:44:37 CDT,2016-08-19,09:44:37,-0500,1095364010,__dwaynejohnson,Dwayne Johnson Jr,,Y'all trying to force,en,[],[],[],0,1,4,[],[],https://twitter.com/__DwayneJohnson/status/766647061466931202,False,,0,,san diego,,,,,,[],,,,
766644716431478788,766641555272704000,2016-08-19 09:35:18 CDT,2016-08-19,09:35:18,-0500,257598134,sisteridw,Sr Iona Dubble-Wyde #freebritney,"{'type': 'Point', 'coordinates': [32.74817996, -117.1557702]}",@ThomasARoberts still playing victim as well bringing up the gun,en,[],[],[],0,0,0,[],[],https://twitter.com/Sisteridw/status/766644716431478788,False,,0,,san diego,,,,,,"[{'screen_name': 'ThomasARoberts', 'name': 'Thomas Roberts', 'id': '70771229'}]",,,,
766637566099468289,766637566099468289,2016-08-19 09:06:53 CDT,2016-08-19,09:06:53,-0500,271249462,ashntittiess,Lonny Breaux üåä,,Give me coffee or give me death. ‚òïÔ∏è,en,[],[],[],0,0,0,[],[],https://twitter.com/ashntittiess/status/766637566099468289,False,,0,,san diego,,,,,,[],,,,
766632846706434048,766632846706434048,2016-08-19 08:48:08 CDT,2016-08-19,08:48:08,-0500,60115647,sandiegocp,San Diego Now,"{'type': 'Point', 'coordinates': [32.7143122, -117.16627197]}",19 people hurt in NJ bus crash that killed one of the bus drivers. Earlier report was only 7 injured. T-bone‚Ä¶  https://t.co/IkRGN7af3u,en,[],['http://toplocalnow.com/us/san-diego'],[],0,0,0,[],[],https://twitter.com/SanDiegoCP/status/766632846706434048,False,,0,,san diego,,,,,,[],,,,
766615656263327744,766463195829501952,2016-08-19 07:39:50 CDT,2016-08-19,07:39:50,-0500,46116964,ryanwithcupcake,Ryan,,"@HeerJeet If Trump pivots, they can view the race as mostly a technocratic dispute about the level of taxes and spending.",en,[],[],[],1,0,0,[],[],https://twitter.com/RyanWithCupcake/status/766615656263327744,False,,0,,san diego,,,,,,"[{'screen_name': 'HeerJeet', 'name': 'Jeet Heer', 'id': '604940737'}]",,,,
766603712378703872,766603712378703872,2016-08-19 06:52:22 CDT,2016-08-19,06:52:22,-0500,3035447420,destinyracine,Destiny Racine,,The Quote:  Sticks and stones may break my bones but words can never hurt me. This quote is so unbelievable false because words can hurt.,en,[],[],[],2,0,0,[],[],https://twitter.com/DestinyRacine/status/766603712378703872,False,,0,,san diego,,,,,,[],,,,
766590577668333570,766590577668333570,2016-08-19 06:00:10 CDT,2016-08-19,06:00:10,-0500,60115647,sandiegocp,San Diego Now,"{'type': 'Point', 'coordinates': [32.7143122, -117.16627197]}",5-year-old Southern White Rhino undergoes care for previously suffered bullet wound  https://t.co/75Xzi0QZ7n,en,[],['http://on.nbc7.com/BkoYxpj'],[],0,0,0,[],[],https://twitter.com/SanDiegoCP/status/766590577668333570,False,,0,,san diego,,,,,,[],,,,
766590538984194048,765993089404207105,2016-08-19 06:00:01 CDT,2016-08-19,06:00:01,-0500,749758473655627776,sabbysully2,PC,,"@EricTrump @ByronSwartz1 Don't forget the three wives, infidelity , rape charges.  That's a more accurate way to judge that whatever.",en,[],[],[],0,0,0,[],[],https://twitter.com/sabbysully2/status/766590538984194048,False,,0,,san diego,,,,,,"[{'screen_name': 'EricTrump', 'name': 'Eric Trump', 'id': '39349894'}]",,,,
766587680981266432,766587680981266432,2016-08-19 05:48:40 CDT,2016-08-19,05:48:40,-0500,18028260,wackywalterchu,walterchu,,"How much does #Pokemon evolution actually hurt the mon? I mean, the pain of the bones instantly resetting has to be excruciating. #Pokemon20",en,[],[],[],0,0,1,"['pokemon', 'pokemon20']",[],https://twitter.com/WackyWalterchu/status/766587680981266432,False,,0,,san diego,,,,,,[],,,,
766573714737537025,766573714737537025,2016-08-19 04:53:10 CDT,2016-08-19,04:53:10,-0500,375933222,key_of_jacks,Jackiee Carbery,,Darren Sharper Sentenced to 18 Years in Prison in Rape Case  https://t.co/uwrwDAMDLb,en,[],['http://nyti.ms/2bqjMCK'],[],0,0,0,[],[],https://twitter.com/key_of_jacks/status/766573714737537025,False,,0,,san diego,,,,,,[],,,,
766564963171246080,766564963171246080,2016-08-19 04:18:23 CDT,2016-08-19,04:18:23,-0500,518234864,dangggnghi,üéÜDis-Nghi‚ú®,,Of course I'm salty but I'm passive aggressive af so I ain't gonna say shit.,en,[],[],[],0,0,0,[],[],https://twitter.com/dangggnghi/status/766564963171246080,False,,0,,san diego,,,,,,[],,,,
766562944452730880,766562944452730880,2016-08-19 04:10:22 CDT,2016-08-19,04:10:22,-0500,4848155246,michell97246087,Michelle Martin,,abuse changes relationship dynamics,en,[],[],[],0,0,0,[],[],https://twitter.com/michell97246087/status/766562944452730880,False,,0,,san diego,,,,,,[],,,,
766556583178358788,766556583178358788,2016-08-19 03:45:06 CDT,2016-08-19,03:45:06,-0500,206913331,thekingtrance,TRANCE.,,Sleep insomnia is the death of me dude. üôÑ,en,[],[],[],0,0,0,[],[],https://twitter.com/thekingtrance/status/766556583178358788,False,,0,,san diego,,,,,,[],,,,
766547774204628992,766547774204628992,2016-08-19 03:10:05 CDT,2016-08-19,03:10:05,-0500,60115647,sandiegocp,San Diego Now,"{'type': 'Point', 'coordinates': [32.7143122, -117.16627197]}",Law enforcement agencies say mother of a baby found dead inside a bag had likely been the victim of sex trafficking  https://t.co/CAypyrNTGo,en,[],['http://on.nbc7.com/PRdlVtU'],[],0,0,0,[],[],https://twitter.com/SanDiegoCP/status/766547774204628992,False,,0,,san diego,,,,,,[],,,,
766547340018618369,766547340018618369,2016-08-19 03:08:22 CDT,2016-08-19,03:08:22,-0500,46728185,airdiorwalker,Certified A1,,Still need to see suicide squad.,en,[],[],[],0,0,0,[],[],https://twitter.com/airdiorwalker/status/766547340018618369,False,,0,,san diego,,,,,,[],,,,
766528179892662272,766528179892662272,2016-08-19 01:52:14 CDT,2016-08-19,01:52:14,-0500,345715141,crisjayel,Christian Juan,,Bro I'm dead af it's been 24 hours since I've slept.,en,[],[],[],0,0,0,[],[],https://twitter.com/CrisJayel/status/766528179892662272,False,,0,,san diego,,,,,,[],,,,
766523300096847872,766523300096847872,2016-08-19 01:32:50 CDT,2016-08-19,01:32:50,-0500,7580262,gbatuyong,instaSHINOBI ‚ñ∂Ô∏è Glenn Batuyong,,Why do the @Chargers hate San Diego taxpayers? Go get 'em @chrisjcate ‚Äîdon't let them bully you.  https://t.co/eLgAIqkp4d,en,"[{'screen_name': 'chargers', 'name': 'los angeles chargers', 'id': '713143'}, {'screen_name': 'chrisjcate', 'name': 'chris cate', 'id': '74898593'}]",['https://twitter.com/meanestbossever/status/766482382635491328'],[],0,1,3,[],[],https://twitter.com/gbatuyong/status/766523300096847872,False,https://twitter.com/meanestbossever/status/766482382635491328,0,,san diego,,,,,,[],,,,
766520008620974080,766519370424037376,2016-08-19 01:19:45 CDT,2016-08-19,01:19:45,-0500,2163581864,_hanawing,Winger,,@95bc if you make this dirty I'm gonna punch youüëäüèª,en,[],[],[],1,0,1,[],[],https://twitter.com/_hanawing/status/766520008620974080,False,,0,,san diego,,,,,,[],,,,
766519872540909568,766519872540909568,2016-08-19 01:19:13 CDT,2016-08-19,01:19:13,-0500,221563766,evilgreenrangr,BAEBELü•äüá≤üáΩ,,"Makes me sad seeing people hurt and suffering but nothing compared to children suffering. Poor innocent children, may God bless you all. ‚ù§Ô∏èüíØ",en,[],[],[],0,0,1,[],[],https://twitter.com/EvilGreenRangr/status/766519872540909568,False,,0,,san diego,,,,,,[],,,,
766518324951777281,766518324951777281,2016-08-19 01:13:04 CDT,2016-08-19,01:13:04,-0500,4183527676,classyy_chassyy,C L A S S Yüíï,,You like it when I get aggressive üòà,en,[],[],[],0,1,0,[],[],https://twitter.com/Classyy_Chassyy/status/766518324951777281,False,,0,,san diego,,,,,,[],,,,
766513286531588101,766510997976657921,2016-08-19 00:53:03 CDT,2016-08-19,00:53:03,-0500,2881456969,kimanderson80,üåäKimberly Chanelüåä,,@calequinec dead man? What dead man?,en,[],[],[],1,0,0,[],[],https://twitter.com/KimAnderson80/status/766513286531588101,False,,0,,san diego,,,,,,[],,,,
766508303023157248,766508303023157248,2016-08-19 00:33:15 CDT,2016-08-19,00:33:15,-0500,3010726273,jone_boltpride,Johnny Abundez (JBP),,With my @PFUFA_org brother #Skulls ‚ò† last season. When talking to @NFL fans they say 4cents won't hurt #SD tourism‚ö°Ô∏è  https://t.co/UJ3PBl5qIO,en,"[{'screen_name': 'pfufa_org', 'name': 'pfufa', 'id': '1923762026'}, {'screen_name': 'nfl', 'name': 'nfl', 'id': '19426551'}]",['https://twitter.com/schrotenboer/status/764188500853915648'],[],0,4,10,"['skulls', 'sd']",[],https://twitter.com/JonE_Boltpride/status/766508303023157248,False,https://twitter.com/schrotenboer/status/764188500853915648,0,,san diego,,,,,,[],,,,
766507409246347265,766507409246347265,2016-08-19 00:29:42 CDT,2016-08-19,00:29:42,-0500,363360538,sidneyalli,sid,,lol omg this is me when I get my feelings hurt üôÑüòÇ so stupid  https://t.co/g6ebmH6hZ1,en,[],[],['https://pbs.twimg.com/media/CqMua-vUIAAhavN.jpg'],0,0,0,[],[],https://twitter.com/sidneyalli/status/766507409246347265,False,,1,https://pbs.twimg.com/media/CqMua-vUIAAhavN.jpg,san diego,,,,,,[],,,,
766506538701774848,766506538701774848,2016-08-19 00:26:14 CDT,2016-08-19,00:26:14,-0500,707967712920637441,ronripleyriot,Ron Ripley,,"Everyone's favorite bully, Cyrus! #TPB  https://t.co/IdPdyTom3d",en,[],[],['https://pbs.twimg.com/media/CqMtoeLVIAArE5V.jpg'],0,0,0,['tpb'],[],https://twitter.com/RonRipleyRiot/status/766506538701774848,False,,1,https://pbs.twimg.com/media/CqMtoeLVIAArE5V.jpg,san diego,,,,,,[],,,,
766502610559918080,766502610559918080,2016-08-19 00:10:37 CDT,2016-08-19,00:10:37,-0500,284355558,coacht77,Glenn Turgeon,,That had to hurt,en,[],[],[],0,0,0,[],[],https://twitter.com/Coacht77/status/766502610559918080,False,,0,,san diego,,,,,,[],,,,
766500153691807744,766500153691807744,2016-08-19 00:00:52 CDT,2016-08-19,00:00:52,-0500,1424153736,natalierose016,little ol me,,Katherine needs to sleep so I can finish watching The Force Awakens,en,[],[],[],0,0,0,[],[],https://twitter.com/natalierose016/status/766500153691807744,False,,0,,san diego,,,,,,[],,,,
766498325008781312,766498325008781312,2016-08-18 23:53:36 CDT,2016-08-18,23:53:36,-0500,35160009,_tffvnydn,‚ù• t‚ú®,,I'm dead asf üíÄ  https://t.co/PzA8RQhheK,en,[],['https://twitter.com/wshhcomedy/status/766365377836228609'],[],0,0,0,[],[],https://twitter.com/_tffvnydn/status/766498325008781312,False,0,0,,san diego,,,,,,[],,,,
766498194565894144,766441365538426880,2016-08-18 23:53:05 CDT,2016-08-18,23:53:05,-0500,799115106,profjillian,Jillian Tullis (she|her),,"The dead doc, I should add.   https://t.co/v7L7TeBOdq",en,[],['http://m.huffpost.com/us/entry/11565838'],[],0,0,0,[],[],https://twitter.com/ProfJillian/status/766498194565894144,False,,0,,san diego,,,,,,[],,,,
766497849349578752,766497849349578752,2016-08-18 23:51:42 CDT,2016-08-18,23:51:42,-0500,2831060360,abdin_kiddactiv,√Ébdin,,Head starting to hurt I need sleep üò¥,en,[],[],[],0,0,0,[],[],https://twitter.com/Abdin_kiddactiv/status/766497849349578752,False,,0,,san diego,,,,,,[],,,,
766496974908428288,766495415982182400,2016-08-18 23:48:14 CDT,2016-08-18,23:48:14,-0500,181258025,kelenahan,kelly,,@IronGoddess_ I love it. I think it's sexy AF. He can go kick rocks,en,[],[],[],1,0,1,[],[],https://twitter.com/kelenahan/status/766496974908428288,False,,0,,san diego,,,,,,[],,,,
766496895300546560,766496895300546560,2016-08-18 23:47:55 CDT,2016-08-18,23:47:55,-0500,127449063,daayumaivy,aivy van ‚ôè,,the nap I took earlier didn't really help. im still dead tired,en,[],[],[],0,0,0,[],[],https://twitter.com/daayumaivy/status/766496895300546560,False,,0,,san diego,,,,,,[],,,,
766493589870215168,766493589870215168,2016-08-18 23:34:47 CDT,2016-08-18,23:34:47,-0500,60115647,sandiegocp,San Diego Now,"{'type': 'Point', 'coordinates': [32.7143122, -117.16627197]}",White rhino at San Diego Zoo Safari Park may have a bullet wound.  https://t.co/rakNy0isqd,en,[],['http://www.cbs8.com/story/32794061/white-rhino-at-san-diego-zoo-safari-park-may-have-a-bullet-wound'],[],0,0,0,[],[],https://twitter.com/SanDiegoCP/status/766493589870215168,False,,0,,san diego,,,,,,[],,,,
766489681772941312,766489681772941312,2016-08-18 23:19:15 CDT,2016-08-18,23:19:15,-0500,3294795682,alexis_mossa,Alexis Mossa,,""" Lexi sharks don't mean to hurt you, they just think we're seals "" - Ahmed Mossa",en,[],[],[],0,1,4,[],[],https://twitter.com/alexis_mossa/status/766489681772941312,False,,0,,san diego,,,,,,[],,,,
766488292137197568,766488292137197568,2016-08-18 23:13:44 CDT,2016-08-18,23:13:44,-0500,3282149460,ellopezthreee00,youngGlopez,,Its dead af at work,en,[],[],[],0,0,0,[],[],https://twitter.com/EllopezThreee00/status/766488292137197568,False,,0,,san diego,,,,,,[],,,,
766487333059256320,766487333059256320,2016-08-18 23:09:55 CDT,2016-08-18,23:09:55,-0500,2909584754,airsignenergy,spooky time e-lo,,millicent thought i was a senior i'm dead,en,[],[],[],2,0,1,[],[],https://twitter.com/airsignenergy/status/766487333059256320,False,,0,,san diego,,,,,,[],,,,
766484053939793920,766484053939793920,2016-08-18 22:56:53 CDT,2016-08-18,22:56:53,-0500,23365626,tbogg,TBogg,,This is like the cast of a really bad old dude buddy comedy where they have bury a dead hooker  https://t.co/y3GPXOdTeW,en,[],[],['https://pbs.twimg.com/media/CqMZLktUsAAsoXI.jpg'],37,184,367,[],[],https://twitter.com/tbogg/status/766484053939793920,False,,1,https://pbs.twimg.com/media/CqMZLktUsAAsoXI.jpg,san diego,,,,,,[],,,,
766478853443248128,766478853443248128,2016-08-18 22:36:13 CDT,2016-08-18,22:36:13,-0500,1505995772,matty_psd,$$$$,,Was not impressed whatsoever by Suicide Squad,en,[],[],[],0,0,1,[],[],https://twitter.com/matty_pSD/status/766478853443248128,False,,0,,san diego,,,,,,[],,,,
766477069890891776,766477069890891776,2016-08-18 22:29:08 CDT,2016-08-18,22:29:08,-0500,60115647,sandiegocp,San Diego Now,"{'type': 'Point', 'coordinates': [32.7143122, -117.16627197]}",5-year-old Southern White Rhino undergoes care for non-healing wound  https://t.co/GRT5PBRIav,en,[],['http://on.nbc7.com/o94Tir4'],[],0,0,0,[],[],https://twitter.com/SanDiegoCP/status/766477069890891776,False,,0,,san diego,,,,,,[],,,,
766474121987317760,766473784018604032,2016-08-18 22:17:25 CDT,2016-08-18,22:17:25,-0500,157707453,_beeeeeeee,WeatherMane,,"@_enJOImytweets When one of our followers had a ""death"" in the familyüò≠üò≠",en,[],[],[],1,0,0,[],[],https://twitter.com/_beeeeeeee/status/766474121987317760,False,,0,,san diego,,,,,,"[{'screen_name': '_enJOImytweets', 'name': 'Seeking Kate Bush.', 'id': '35039634'}]",,,,
766471043074527237,766471043074527237,2016-08-18 22:05:11 CDT,2016-08-18,22:05:11,-0500,1865878602,kiiyara_,üòôü§åüèæ,,"I would dead ass want to be a fairy at Disneyland, sign me up!!!!",en,[],[],[],0,0,0,[],[],https://twitter.com/kiiyara_/status/766471043074527237,False,,0,,san diego,,,,,,[],,,,
766465753457364993,766465753457364993,2016-08-18 21:44:10 CDT,2016-08-18,21:44:10,-0500,2500317518,thesameadvice,frikitona,,Am i walking into the gates of heaven bc these fucking harmonies got me floating into christs fucking kingdom. I am dead.,en,[],[],[],0,0,1,[],[],https://twitter.com/thesameadvice/status/766465753457364993,False,,0,,san diego,,,,,,[],,,,
766465521252315137,766465521252315137,2016-08-18 21:43:15 CDT,2016-08-18,21:43:15,-0500,103926730,mikeybefreshh,MikeyBeFreshh,,"""To beat a bully you got to be the bully.""",en,[],[],[],0,0,0,[],[],https://twitter.com/MikeyBeFreshh/status/766465521252315137,False,,0,,san diego,,,,,,[],,,,
766460395640852480,766460395640852480,2016-08-18 21:22:53 CDT,2016-08-18,21:22:53,-0500,286241653,padrefan858,Daniel,,Clemens should use a bloody sock for luck,en,[],[],[],0,0,1,[],[],https://twitter.com/padrefan858/status/766460395640852480,False,,0,,san diego,,,,,,[],,,,
766459702788050944,766459702788050944,2016-08-18 21:20:07 CDT,2016-08-18,21:20:07,-0500,60115647,sandiegocp,San Diego Now,"{'type': 'Point', 'coordinates': [32.7143122, -117.16627197]}",Law enforcement agencies say mother of a baby found dead inside a bag had likely been the victim of sex trafficking  https://t.co/ebhTNIepIc,en,[],['http://on.nbc7.com/TCMbt08'],[],0,0,0,[],[],https://twitter.com/SanDiegoCP/status/766459702788050944,False,,0,,san diego,,,,,,[],,,,
766457716046868480,766457716046868480,2016-08-18 21:12:14 CDT,2016-08-18,21:12:14,-0500,2346491444,baeward_,≈Ω,,"Pimp my ride: ""So I heard you like to cut yourself so we put suicide doors on your whip""",en,[],[],[],1,0,0,[],[],https://twitter.com/Baeward_/status/766457716046868480,False,,0,,san diego,,,,,,[],,,,
766454442757500928,766454442757500928,2016-08-18 20:59:13 CDT,2016-08-18,20:59:13,-0500,28768977,theblackzilian1,Cristina,,Said it a million times and I'll say it again... Ryan Lochte is a giant douche. No offense to douche. #LochteGate #Rio2016 #RioOlympics2016,en,[],[],[],0,0,0,"['lochtegate', 'rio2016', 'rioolympics2016']",[],https://twitter.com/TheBlackzilian1/status/766454442757500928,False,,0,,san diego,,,,,,[],,,,
766452945751683072,766452945751683072,2016-08-18 20:53:16 CDT,2016-08-18,20:53:16,-0500,2881456969,kimanderson80,üåäKimberly Chanelüåä,,Glad she gave away his money. The comments R why many women don't come forward w/assault cases. She took back her power.  #AmberHeard,en,[],[],[],0,1,5,['amberheard'],[],https://twitter.com/KimAnderson80/status/766452945751683072,False,,0,,san diego,,,,,,[],,,,
766452172615655424,766436877658365953,2016-08-18 20:50:12 CDT,2016-08-18,20:50:12,-0500,2881456969,kimanderson80,üåäKimberly Chanelüåä,,@1THEREALME1 this is why women don't report assault. Glad she gave away his $$$. Makes me believe her story more,en,[],[],[],0,0,1,[],[],https://twitter.com/KimAnderson80/status/766452172615655424,False,,0,,san diego,,,,,,"[{'screen_name': '1therealme1', 'name': 'üòº', 'id': '1274842418505035777'}]",,,,
766446879034912768,766446879034912768,2016-08-18 20:29:10 CDT,2016-08-18,20:29:10,-0500,133607631,beretweet,berenice weber,,2 more dead horses @DelMarRacing @Toyota @CalChromeHOY #HorseRacingKills  https://t.co/IYK0acJx0Q @racingwrongs  https://t.co/NW6Ye87geD,en,"[{'screen_name': 'delmarracing', 'name': 'del mar racetrack', 'id': '22168739'}, {'screen_name': 'toyota', 'name': 'toyota usa', 'id': '14219877'}, {'screen_name': 'calchromehoy', 'name': 'california chrome', 'id': '3018696308'}, {'screen_name': 'racingwrongs', 'name': 'horseracing wrongs', 'id': '1624379785'}]",['https://horseracingwrongs.com/2016/08/15/another-kill-at-del-mar'],['https://pbs.twimg.com/media/CqL2yaEUIAAgXh7.jpg'],0,0,0,['horseracingkills'],[],https://twitter.com/beretweet/status/766446879034912768,False,,1,https://pbs.twimg.com/media/CqL2yaEUIAAgXh7.jpg,san diego,,,,,,[],,,,
766446562725679104,766446562725679104,2016-08-18 20:27:55 CDT,2016-08-18,20:27:55,-0500,243738189,honesgirl,Jenn üêê‚ù§Ô∏èüçê #91 !,,"all defense in the 1st half, all offense in the 2nd half. These 1/2 games make me nervous. Too much like last yr. But, preseason. #Eagles",en,[],[],[],0,0,0,['eagles'],[],https://twitter.com/honesgirl/status/766446562725679104,False,,0,,san diego,,,,,,[],,,,
766445142060388352,766445142060388352,2016-08-18 20:22:16 CDT,2016-08-18,20:22:16,-0500,232709208,hfowlerwrites,Heather Fowler,,Judge opens investigation into death of Spanish poet Federico Garc√≠a Lorca  https://t.co/yDR09Ckrhj,ro,[],['https://www.theguardian.com/world/2016/aug/17/argentina-judge-investigation-federico-garcia-lorca-spain?CMP=share_btn_tw'],[],0,1,0,[],[],https://twitter.com/hfowlerwrites/status/766445142060388352,False,,0,,san diego,,,,,,[],,,,
766443118975561728,766427435638267904,2016-08-18 20:14:14 CDT,2016-08-18,20:14:14,-0500,799115106,profjillian,Jillian Tullis (she|her),,@CerasellaChis On Death &amp; Dying. It's a book from 1969. You can probably find for a few bucks.,en,[],[],[],0,0,1,[],[],https://twitter.com/ProfJillian/status/766443118975561728,False,,0,,san diego,,,,,,"[{'screen_name': 'CerasellaChis', 'name': 'Ioana Chis', 'id': '193937085'}]",,,,
766439301345255424,766439301345255424,2016-08-18 19:59:03 CDT,2016-08-18,19:59:03,-0500,1275438230,koeninger_kat,kat,,Old town San Diego at the general store sells Candied Jalape√±os. They are gnarly. I love love love them. Sweet with a kick just how i like,en,[],[],[],0,0,0,[],[],https://twitter.com/Koeninger_Kat/status/766439301345255424,False,,0,,san diego,,,,,,[],,,,
766437203694137344,766402796119728128,2016-08-18 19:50:43 CDT,2016-08-18,19:50:43,-0500,2470049048,rahhhger,Roger Olaso Jr.,,@jPoGi9311 @og_austin3 punch bowl,en,[],[],[],0,0,2,[],[],https://twitter.com/Rahhhger/status/766437203694137344,False,,0,,san diego,,,,,,"[{'screen_name': 'jPoGi9311', 'name': 'ThePogiCerebralAssassin', 'id': '1002576164'}]",,,,
766436731436478464,766436731436478464,2016-08-18 19:48:51 CDT,2016-08-18,19:48:51,-0500,1086529536,1glamcherry_,THE 1NEüçí,,I'm gonna b dead off some fireball üò´,en,[],[],[],0,0,1,[],[],https://twitter.com/1glamcherry_/status/766436731436478464,False,,0,,san diego,,,,,,[],,,,
766431140747972608,766431140747972608,2016-08-18 19:26:38 CDT,2016-08-18,19:26:38,-0500,2367700945,d_rosee,Nyka üëë,,"Hahahahha when my nigga said ""beat"" as in your makeup is beat had me dead , I didn't know he knew how to use that word üò≠üòÇ‚ù§Ô∏èüíØ‚ú®",en,[],[],[],0,0,0,[],[],https://twitter.com/D_Rosee/status/766431140747972608,False,,0,,san diego,,,,,,[],,,,
766427435638267904,766427435638267904,2016-08-18 19:11:54 CDT,2016-08-18,19:11:54,-0500,799115106,profjillian,Jillian Tullis (she|her),,"""The more we are making advancements in science, the more we seem to fear and deny the reality of death."" @KublerRoss in 1969",en,"[{'screen_name': 'kublerross', 'name': 'elisabeth kublerross', 'id': '247004061'}]",[],[],10,9,12,[],[],https://twitter.com/ProfJillian/status/766427435638267904,False,,0,,san diego,,,,,,[],,,,
766426890882027520,766426890882027520,2016-08-18 19:09:44 CDT,2016-08-18,19:09:44,-0500,1526790042,c2cpinball,C2C Pinball,,Home to watch @Dead_Flip and Spooky Pinball play @dominos Pinball!  https://t.co/p0NnFsgQLd,en,"[{'screen_name': 'dead_flip', 'name': 'üôÖ\u200d‚ôÇÔ∏è', 'id': '1135199369781829633'}, {'screen_name': 'dominos', 'name': ""domino's pizza"", 'id': '31444922'}]",[],['https://pbs.twimg.com/media/CqLlMSuVUAA2Gds.jpg'],0,4,11,[],[],https://twitter.com/C2CPinball/status/766426890882027520,False,,1,https://pbs.twimg.com/media/CqLlMSuVUAA2Gds.jpg,san diego,,,,,,[],,,,
766417279760281600,766417279760281600,2016-08-18 18:31:33 CDT,2016-08-18,18:31:33,-0500,2977654982,dannyrdgz1998,‚ôãÔ∏è,,In my head till I'm dead,en,[],[],[],0,0,0,[],[],https://twitter.com/dannyrdgz1998/status/766417279760281600,False,,0,,san diego,,,,,,[],,,,
766405630533902336,766405630533902336,2016-08-18 17:45:16 CDT,2016-08-18,17:45:16,-0500,2843024348,beer_videogames,Beer & VideoGames TV,,Paul Thomas Anderson is now part of the Criterion Collection. His first film to make the CC is PUNCH-DRUNK LOVE. So strange. I love it.,en,[],[],[],0,0,0,[],[],https://twitter.com/Beer_VideoGames/status/766405630533902336,False,,0,,san diego,,,,,,[],,,,
766390905553227776,766390905553227776,2016-08-18 16:46:45 CDT,2016-08-18,16:46:45,-0500,2325653996,fresconews,Fresco News,,Death Toll From #LouisianaFlood Rises to 13:   https://t.co/62XjHOHq80 #Louisiana #Flood2016  https://t.co/KrSWFQcQ3k,en,[],['http://fresconews.com/gallery/57b62a7a8447c514506b9125'],"['https://pbs.twimg.com/media/CqLEWqgW8AAuOZ2.jpg', 'https://pbs.twimg.com/media/CqLEWqYXEAABTsp.jpg']",0,0,0,"['louisianaflood', 'louisiana', 'flood2016']",[],https://twitter.com/fresconews/status/766390905553227776,False,,1,https://pbs.twimg.com/media/CqLEWqgW8AAuOZ2.jpg,san diego,,,,,,[],,,,
766386372911374336,766382072495640577,2016-08-18 16:28:44 CDT,2016-08-18,16:28:44,-0500,748385358,jacob_savannah,savv ‚ú®,,@OhlhauserAdam like dead ass serious. I might never come back,en,[],[],[],0,0,1,[],[],https://twitter.com/jacob_savannah/status/766386372911374336,False,,0,,san diego,,,,,,"[{'screen_name': 'OhlhauserAdam', 'name': 'chaci', 'id': '347592653'}]",,,,
766385579546116096,766383199257628673,2016-08-18 16:25:35 CDT,2016-08-18,16:25:35,-0500,15557891,aquart,aquart,,"@BuzzFeedNews @BuzzFeed He reminds me of that Serbian monster, taught Shakespeare, dead, what was his name?",en,[],[],[],0,0,0,[],[],https://twitter.com/aquart/status/766385579546116096,False,,0,,san diego,,,,,,"[{'screen_name': 'BuzzFeedNews', 'name': 'BuzzFeed News', 'id': '1020058453'}]",,,,
766382329518395392,766382329518395392,2016-08-18 16:12:40 CDT,2016-08-18,16:12:40,-0500,26774567,coachcherry,DCherry,,"Obviously Lochte&amp;friends have nvr had a weapon flashed on 'em .. If so,they would kno that it's no joking matter.",en,[],[],[],0,0,3,[],[],https://twitter.com/CoachCherry/status/766382329518395392,False,,0,,san diego,,,,,,[],,,,
766381556982177792,766381556982177792,2016-08-18 16:09:36 CDT,2016-08-18,16:09:36,-0500,415845172,roman926,Rom√°n Castellanos,,Also watching field #hockey makes my back hurt üòÇüë¥üèΩ,en,[],[],[],0,0,0,['hockey'],[],https://twitter.com/Roman926/status/766381556982177792,False,,0,,san diego,,,,,,[],,,,
766368755119042560,766358781710204928,2016-08-18 15:18:44 CDT,2016-08-18,15:18:44,-0500,353551043,eddy_564,Edward Targaryen,,@Dattera111 pushed to death with little validity.,en,[],[],[],1,0,1,[],[],https://twitter.com/Eddy_564/status/766368755119042560,False,,0,,san diego,,,,,,"[{'screen_name': 'Dattera111', 'name': 'Daniel', 'id': '172733199'}]",,,,
766360964685897728,766360964685897728,2016-08-18 14:47:46 CDT,2016-08-18,14:47:46,-0500,711222017211543552,elisaidthat,E L I,,I've seen @BandofNOTHING twice this year and I'm still waiting for them to play The Dead Are Dumb #TiredofTomorrow  https://t.co/KeB2ngrLm4,en,"[{'screen_name': 'bandofnothing', 'name': 'nothing¬Æ', 'id': '214386399'}]",[],['https://pbs.twimg.com/media/CqKpOSTUkAA4osL.jpg'],0,0,3,['tiredoftomorrow'],[],https://twitter.com/elisaidthat/status/766360964685897728,False,,1,https://pbs.twimg.com/media/CqKpOSTUkAA4osL.jpg,san diego,,,,,,[],,,,
766350267197513728,766350267197513728,2016-08-18 14:05:16 CDT,2016-08-18,14:05:16,-0500,3300354919,uziape,jake long,,#dicksoutforgenji this update will be the death of me,en,[],[],[],0,0,1,['dicksoutforgenji'],[],https://twitter.com/uziape/status/766350267197513728,False,,0,,san diego,,,,,,[],,,,
766349117622661121,766349117622661121,2016-08-18 14:00:42 CDT,2016-08-18,14:00:42,-0500,1275438230,koeninger_kat,kat,,Man it bloody hot again,en,[],[],[],0,0,0,[],[],https://twitter.com/Koeninger_Kat/status/766349117622661121,False,,0,,san diego,,,,,,[],,,,
766348072754352128,766348072754352128,2016-08-18 13:56:33 CDT,2016-08-18,13:56:33,-0500,2753400223,cviannawrites,Candace Vianna,,"‚ÄúI believe we‚Äôve established sweets are not my currency of choice, but I‚Äôll force one down to spare you the bruised feelings.‚Äù #1linewed",en,[],[],[],0,0,2,['1linewed'],[],https://twitter.com/CviannaWrites/status/766348072754352128,False,,0,,san diego,,,,,,[],,,,
766347586739380224,766347586739380224,2016-08-18 13:54:37 CDT,2016-08-18,13:54:37,-0500,2753400223,cviannawrites,Candace Vianna,,"""Don't believe me?"" ""I believe I'm gonna kick that skank-nasty's ass."" #1linewed #amwriting  https://t.co/MCIqnQnXVR",en,[],[],['https://pbs.twimg.com/tweet_video_thumb/CqKdBOwUAAEwzCo.jpg'],0,0,1,"['1linewed', 'amwriting']",[],https://twitter.com/CviannaWrites/status/766347586739380224,False,,1,https://pbs.twimg.com/tweet_video_thumb/CqKdBOwUAAEwzCo.jpg,san diego,,,,,,[],,,,
766347014397235201,766347014397235201,2016-08-18 13:52:20 CDT,2016-08-18,13:52:20,-0500,65273776,dopesque901,D!NKA,,If you love that man/woman..truthfully..then realizing your love doesn't sync w theirs shouldnt hurt your ego. It's just unfortunate.,en,[],[],[],0,1,0,[],[],https://twitter.com/Dopesque901/status/766347014397235201,False,,0,,san diego,,,,,,[],,,,
766346801108557825,766346801108557825,2016-08-18 13:51:30 CDT,2016-08-18,13:51:30,-0500,559894770,xurokii,Tizzy,,He should get life. Or maybe even the death penalty   https://t.co/k9cMufnKvO,en,[],['https://twitter.com/ap_nfl/status/766294072806047745'],[],0,0,0,[],[],https://twitter.com/xurokii/status/766346801108557825,False,https://twitter.com/ap_nfl/status/766294072806047745,0,,san diego,,,,,,[],,,,
766336569145909248,766306781538557955,2016-08-18 13:10:50 CDT,2016-08-18,13:10:50,-0500,755778,halkeye,Gavin Mogan,,@MediaRemedial @imtayadeway @pdxruby I had that same conversation with @TessaMero. I've felt very leftout/hurt when $oldjob only had pizza,en,"[{'screen_name': 'tessamero', 'name': 'tessa mero', 'id': '919464055'}]",[],[],2,0,2,[],['oldjob'],https://twitter.com/halkeye/status/766336569145909248,False,,0,,san diego,,,,,,"[{'screen_name': 'MediaRemedial', 'name': 'üêêTara üêê', 'id': '108667802'}, {'screen_name': 'imtayadeway', 'name': 'Tim Wade', 'id': '3196483059'}, {'screen_name': 'pdxruby', 'name': 'PortlandRubyBrigade', 'id': '46607703'}]",,,,
766335488143654912,756044192460091392,2016-08-18 13:06:32 CDT,2016-08-18,13:06:32,-0500,2824467917,presleycrossing,pres üçë,,"""you're like using the force, if the force was your foot""",en,[],[],[],0,0,1,[],[],https://twitter.com/presleycrossing/status/766335488143654912,False,,0,,san diego,,,,,,[],,,,
766331398013620224,766299501745229824,2016-08-18 12:50:17 CDT,2016-08-18,12:50:17,-0500,128911210,marya_grote,Marya Grote,,@13Ash_Marie thank god! üòÇ cuz she doesn't cuddle at all. So if she is doped up I can just force her to cuddle.,en,[],[],[],0,1,1,[],[],https://twitter.com/Marya_Grote/status/766331398013620224,False,,0,,san diego,,,,,,"[{'screen_name': '13Ash_Marie', 'name': 'Ashley Rosenwald', 'id': '631802505'}]",,,,
766329476275843072,766329476275843072,2016-08-18 12:42:39 CDT,2016-08-18,12:42:39,-0500,88284049,allyalcasalty,ally,,Who hurt you??? These song are so good üò©  https://t.co/sljyKtR3XF,en,[],['https://twitter.com/shawnmendes/status/766302412348989440'],[],0,0,2,[],[],https://twitter.com/allyalcasalty/status/766329476275843072,False,https://twitter.com/shawnmendes/status/766302412348989440,0,,san diego,,,,,,[],,,,
766329023639105536,766329023639105536,2016-08-18 12:40:51 CDT,2016-08-18,12:40:51,-0500,2248066249,yagirlmena,ximena,,Who doesn't hurt me the most??? I'm the most sensible person ever   https://t.co/BxqTTDRk1U,en,[],['https://twitter.com/iamkiraa_/status/766093789983219712'],[],1,0,1,[],[],https://twitter.com/yagirlmena/status/766329023639105536,False,https://twitter.com/iamkiraa_/status/766093789983219712,0,,san diego,,,,,,[],,,,
